{"cameraMode":{"drawMode":0,"name":"Shaded","section":"Shading Mode"},"sceneLighting":true,"audioPlay":false,"sceneViewState":{"m_AlwaysRefresh":false,"showFog":true,"showSkybox":true,"showFlares":true,"showImageEffects":true,"showParticleSystems":true,"showVisualEffectGraphs":true,"m_FxEnabled":true},"in2DMode":false,"pivot":{"x":665.6859130859375,"y":565.8988037109375,"z":31.13177490234375},"rotation":{"x":-0.018491949886083604,"y":0.012309348210692406,"z":0.00596011383458972,"w":0.999811053276062},"size":339.7944030761719,"orthographic":true}