{"cameraMode":{"drawMode":0,"name":"Shaded","section":"Shading Mode"},"sceneLighting":true,"audioPlay":false,"sceneViewState":{"m_AlwaysRefresh":false,"showFog":true,"showSkybox":true,"showFlares":true,"showImageEffects":true,"showParticleSystems":true,"showVisualEffectGraphs":true,"m_FxEnabled":true},"in2DMode":false,"pivot":{"x":-9.224414825439454,"y":1.7512779235839844,"z":5.183882713317871},"rotation":{"x":-0.025165732949972154,"y":-0.9798534512519836,"z":0.12268256396055222,"w":-0.15626749396324159},"size":13.490920066833496,"orthographic":true}