{"cameraMode":{"drawMode":0,"name":"Shaded","section":"Shading Mode"},"sceneLighting":true,"audioPlay":false,"sceneViewState":{"m_AlwaysRefresh":false,"showFog":true,"showSkybox":true,"showFlares":true,"showImageEffects":true,"showParticleSystems":true,"showVisualEffectGraphs":true,"m_FxEnabled":true},"in2DMode":false,"pivot":{"x":-1.930811882019043,"y":1.6507568359375,"z":0.5363925695419312},"rotation":{"x":-0.007467648480087519,"y":-0.9722427725791931,"z":0.23420338332653047,"w":-0.007290158420801163},"size":26.108739852905275,"orthographic":true}